NPA,median_age_of_residents_2022,high_speed_internet_access_2022,employment_2022,single_family_housing_2022_Raw,residential_occupancy_2022,home_ownership_2022,vacant_land_in_acres_2022,proximity_to_public_transportation_2022,street_connectivity_index_2022,proximity_to_school_age_care_2022,proximity_to_early_care_and_education_2022
2,33,76.6%,95.5%,504,94%,38.7%,21,1129,1,1121,651
3,31,91.6%,97.6%,1613,86.4%,38.9%,25,8510,2,6605,7502
4,44,91.9%,98%,364,89.7%,100%,13,353,1,162,172
5,31,63.9%,84.7%,189,94%,23.2%,36,336,1,346,346
6,36,59.8%,100%,675,88%,31.5%,37,811,1,789,811
7,49,83.4%,100%,415,87.3%,92.4%,9,558,1,354,0
8,38,73.2%,100%,457,97.4%,47.1%,12,1143,1,220,243
9,35,88.2%,100%,284,93%,83.5%,3,320,1,320,320
10,35,69.8%,94.2%,1232,87.4%,44.3%,15,1736,1,1736,1736
11,45,90.9%,98.8%,776,96.7%,79.1%,14,1237,1,1029,1022
12,29,62.6%,95.5%,0,87.6%,5.7%,2,1257,1,1257,1257
13,31,79.9%,96.7%,631,93.9%,35%,4,1830,1,1372,1545
14,35,82.9%,100%,879,96%,42.2%,27,1205,1,1613,1613
15,52,98.1%,98.6%,812,91.5%,96.1%,26,0,1,3,491
16,33,71%,90.9%,1190,95.1%,49.8%,10,1960,1,2105,2113
17,42,67.6%,89.4%,860,92.6%,50.6%,8,1253,1,1253,1253
18,31,90.5%,98.5%,731,88.9%,47.7%,29,1816,1,833,432
19,43,91.7%,94.1%,1142,94.1%,85.9%,18,1753,1,1028,598
20,51,87.8%,98.5%,763,98.2%,70.6%,2,619,1,502,314
21,28,68.3%,99.2%,351,96.7%,21.4%,67,1894,1,1893,1893
22,32,80.9%,99.4%,140,93.6%,20.9%,21,3797,1,2786,2126
23,38,58%,100%,202,84.2%,20.9%,37,461,1,378,514
24,41,93.1%,99.4%,340,87.3%,90.3%,4,340,1,321,321
25,44,91%,93%,860,95.1%,83.6%,19,277,1,334,156
26,33,73.7%,95.8%,1093,94.8%,85.5%,236,134,1,62,62
27,28,86.6%,99.4%,699,96.4%,74.6%,16,906,1,597,563
28,42,93.4%,100%,257,82.3%,85.3%,1,588,1,526,489
29,58,80.3%,93.7%,311,93.2%,87.3%,12,0,1,0,343
30,32,74%,92.6%,100,92.3%,11.9%,11,1600,1,44,1598
31,40,94%,99.5%,578,100%,75.6%,3,478,1,141,372
32,59,100%,92.6%,0,76.1%,91.2%,0,220,1,143,220
33,32,82.3%,97.5%,39,100%,11.6%,42,625,1,624,624
34,31,65.8%,86.1%,1347,100%,73.9%,216,242,1,1076,1076
35,41,87.5%,97.8%,1164,97.6%,84.7%,942,170,1,0,0
36,37,89.2%,95.6%,804,91.6%,84%,23,842,1,675,675
37,39,82.9%,92.6%,613,87.9%,57%,12,1092,1,432,324
38,47,92.1%,97.4%,738,100%,86.6%,137,810,1,853,729
39,42,71%,94.4%,993,97.5%,72.9%,109,44,1,882,882
40,39,60.3%,92.8%,642,96.1%,42.3%,16,1246,1,1246,1246
41,38,85.7%,100%,374,91.8%,50.7%,10,627,1,193,290
42,38,91.8%,94.2%,339,94.9%,69.1%,0,802,1,1098,193
43,37,86.2%,100%,390,81.2%,64.1%,4,11,1,488,488
44,31,78%,96.1%,170,97.5%,41.1%,19,212,1,356,0
45,33,97.5%,95.5%,1494,95.3%,64.5%,92,1344,1,1592,1044
46,38,70.8%,98.1%,411,93.4%,27.3%,3,0,1,641,641
47,37,85.4%,77.6%,21,100%,0%,1,603,1,541,541
48,31,86.6%,89.5%,500,89%,57.8%,356,252,1,505,505
49,37,72.9%,99.7%,1022,100%,54.7%,132,0,1,710,752
50,29,61.6%,86.2%,416,87%,30.9%,3,907,1,985,985
51,32,97%,98.5%,394,81.2%,57.2%,15,1377,1,1270,1270
52,24,57.8%,99%,179,95.1%,7.5%,11,811,1,546,546
53,35,72.9%,94.2%,532,93%,31.2%,69,1394,1,1394,1394
54,40,66.3%,92.6%,567,89.7%,81.3%,266,538,1,449,309
55,44,92.3%,94.5%,680,97.4%,87.7%,40,288,1,261,261
56,48,84.6%,96.5%,104,97.9%,62.5%,40,324,1,0,0
57,32,68.4%,92.8%,224,92.9%,43.3%,0,817,2,817,817
58,29,69.2%,96.3%,253,93.1%,43.1%,6,483,1,483,483
59,35,91%,96.7%,387,88.6%,29.6%,43,1343,1,1190,1279
60,24,81.4%,97.3%,5,89.2%,5.5%,177,1826,1,1732,1732
61,31,78.6%,97.2%,278,96.4%,73.2%,46,0,1,436,436
62,19,--,72.6%,0,0%,--,0,0,1,0,0
64,26,74.5%,95%,234,84%,11.8%,35,2522,1,1305,1305
65,25,88.6%,98%,3,96.8%,0%,151,1214,1,659,659
66,27,67.4%,93.8%,35,86.6%,9.7%,9,1353,1,0,0
67,33,91.4%,94.4%,1,92.1%,4.7%,10,854,1,853,853
68,43,72.6%,98.5%,344,93.3%,44.8%,154,686,1,1092,1072
69,41,88.3%,97.9%,239,69.3%,43.3%,3,1061,1,549,0
70,54,55.8%,89%,522,93.3%,70.2%,6,522,1,522,522
71,32,64.8%,89.7%,203,97.3%,23.8%,8,1406,1,1406,1406
72,32,98.2%,100%,254,87.1%,28.4%,279,787,2,0,0
73,35,74.5%,96.6%,1480,98.8%,77.6%,1205,29,1,601,532
74,45,93.2%,90.1%,172,91.5%,69.5%,2,740,1,304,0
75,43,93.2%,99.3%,265,81.7%,68.5%,6,0,1,1113,1027
76,38,95.3%,90.6%,1268,95%,86.9%,125,90,1,403,722
77,27,84.2%,92.8%,1047,93.6%,38.5%,267,1233,1,2178,2190
78,33,94%,89.5%,426,96.4%,65.7%,21,1032,1,1063,1063
79,27,36%,93.4%,0,94%,6.5%,1,679,1,679,679
80,30,96%,100%,19,92.4%,24.7%,362,1281,2,1059,1059
81,40,93.4%,85.5%,280,96%,91.9%,16,526,1,547,531
82,38,83.2%,97.8%,436,94.3%,51.9%,46,1020,1,1145,1145
83,29,75.5%,89.3%,299,93.6%,39.3%,1332,0,1,12,78
84,57,84.2%,100%,210,69.2%,62.9%,1163,472,2,480,32
85,44,55.9%,96.5%,623,81.3%,31.4%,24,762,1,762,762
86,29,81.9%,87.4%,43,93.6%,5.8%,1,2276,1,2276,2228
87,41,80.7%,100%,324,70.5%,49.6%,5,718,1,714,714
88,40,44.2%,85%,488,97%,75.6%,43,540,1,540,540
89,36,67.9%,94.2%,548,100%,59.4%,17,543,1,541,541
90,35,69.6%,95.3%,337,88.1%,22.5%,7,827,1,424,424
91,30,77.6%,87.2%,695,92.4%,56.5%,12,568,1,839,839
92,30,76.7%,92.4%,8,87.5%,14.9%,55,1947,1,1629,1629
93,30,70.3%,90.1%,2,90.9%,0%,148,486,2,484,486
94,29,65.6%,90.8%,355,93.2%,69.3%,108,530,1,306,306
95,31,97%,93%,355,95.6%,56.8%,6,496,1,604,604
96,29,84.5%,97.1%,622,100%,46.1%,112,2123,1,2172,2172
97,36,86.7%,97.2%,917,88.5%,58.6%,6,1318,1,850,850
98,35,88.1%,99.3%,1270,98.9%,85.1%,410,1019,1,808,807
99,36,80.6%,95.1%,650,100%,75.6%,14,617,1,579,579
100,30,56.9%,84.4%,441,94.2%,57.5%,19,699,1,699,679
101,31,45.5%,95.5%,94,79%,11.1%,6,727,1,727,727
102,32,67.8%,88.1%,329,82.7%,43.3%,6,536,1,536,536
103,30,69.3%,94.5%,227,85%,16.2%,10,807,1,748,748
105,33,91.3%,97.6%,246,96.2%,87.3%,7,950,1,998,998
106,35,56.2%,98.6%,39,78.8%,2.7%,2,730,1,730,719
107,35,84.4%,98.1%,25,100%,17.6%,5,651,1,644,644
108,32,92.4%,96.3%,473,100%,56.6%,102,328,1,534,562
109,45,93.2%,94.5%,655,88.3%,69.4%,167,690,1,0,124
110,33,81.5%,94%,516,94.4%,42.3%,266,978,1,0,0
111,35,93.3%,93.2%,1341,98%,48.6%,57,1589,1,243,1368
112,37,87.5%,96.4%,667,94.2%,74.5%,487,0,1,250,325
113,33,87.7%,97.6%,1807,91.8%,71.6%,259,75,1,1563,1563
114,24,55.3%,74.3%,184,84.3%,8.9%,111,463,1,456,416
115,41,97.6%,93.9%,1409,95.7%,68.2%,12,0,1,1554,1554
116,32,79.6%,92.5%,1097,95.8%,63.6%,909,2364,1,1454,1627
117,29,86.3%,97.3%,1609,88.9%,66.8%,48,968,1,1654,1654
118,39,100%,95.8%,443,100%,93.9%,5,307,1,297,321
119,40,87%,44.7%,581,75.3%,79.8%,97,125,2,244,160
120,26,58.9%,90.6%,293,100%,35.7%,30,595,1,595,595
121,38,79.6%,99.1%,641,90.5%,34.6%,29,1183,1,1182,1182
122,--,--,--,0,--,--,59,0,1,0,0
123,44,60.9%,97.7%,808,96.5%,58%,162,1074,1,1085,1085
124,39,56.7%,100%,552,72.7%,38.5%,83,1036,1,1036,1036
125,38,84.2%,99.2%,1123,87.9%,62.6%,105,1465,1,1455,1452
126,33,80%,94.5%,125,100%,57.6%,25,666,1,510,666
127,33,58.6%,97.3%,327,87.3%,24.9%,111,1103,1,1115,1115
128,27,49.1%,91.2%,537,83.3%,29.7%,14,1021,1,1021,1021
129,47,97.2%,99.5%,713,87.6%,85.8%,0,681,1,22,22
130,43,85.5%,96.8%,1000,96.3%,89.3%,887,0,1,80,16
131,46,97%,100%,772,97.7%,81.7%,20,178,1,520,303
132,34,75.7%,100%,252,100%,55.4%,1,260,1,42,112
133,34,91.1%,95.8%,236,90.3%,45.3%,2,620,1,600,600
134,37,70.8%,65.2%,214,91.8%,45.8%,6,478,1,478,478
135,29,64.2%,92.6%,0,84.4%,8.8%,7,654,1,610,610
136,35,96.4%,97.8%,893,97.9%,74.7%,88,295,1,47,68
137,38,75.1%,85.6%,546,92.4%,57.9%,87,547,1,0,0
138,41,57.1%,100%,299,100%,85.9%,37,299,1,298,298
139,28,84%,100%,506,95.4%,39.4%,122,561,1,550,550
140,38,67.5%,95.3%,1047,92.8%,58.9%,131,821,1,1220,1227
141,38,48.6%,100%,259,100%,57.3%,93,324,1,319,319
142,35,79.6%,91.6%,263,89.7%,32%,7,1331,1,1287,1290
143,40,98.3%,94.7%,361,98.4%,90.2%,4,675,1,166,0
144,33,77.6%,94.4%,225,93.4%,31.3%,44,1013,1,979,1013
145,30,80.9%,90.8%,367,86.1%,56.6%,76,385,1,243,251
146,34,94.5%,93.2%,632,95.8%,59.3%,51,588,1,178,287
147,34,86.4%,93%,547,86.3%,68.2%,33,1118,1,756,757
148,38,93.6%,96.2%,676,96.7%,75.5%,20,515,1,738,47
149,40,94.9%,99.3%,87,94.3%,71.1%,14,166,1,256,3
150,34,69.6%,98.8%,673,92.7%,50.1%,28,58,1,819,819
151,41,89.3%,93.1%,925,100%,73.3%,1,0,1,1080,1080
152,32,39.7%,88.1%,335,88.6%,72.4%,150,160,2,10,0
153,40,89.5%,97%,1223,91.8%,87.8%,45,945,1,0,665
154,35,87.7%,95.7%,799,92.6%,51.8%,69,1058,1,767,871
155,36,84.5%,97%,940,99.4%,54.4%,428,0,1,1049,1049
156,34,86.8%,95.5%,1467,93%,86.3%,413,1051,1,1013,718
157,33,81.3%,83.3%,185,98%,26.4%,63,709,1,709,709
158,38,77.3%,94.6%,1338,97.6%,61.5%,68,885,1,1046,1046
159,30,68.3%,86.7%,318,93.9%,38.7%,71,523,1,493,523
160,42,67.5%,100%,932,93.8%,55.3%,50,1154,1,923,958
161,31,82.2%,100%,132,88.7%,4.8%,8,1060,1,249,4
162,31,62.9%,80.8%,696,94.1%,61.3%,17,751,1,751,751
163,36,83.1%,94.5%,236,85.6%,38%,13,912,1,911,911
164,28,60.6%,94.4%,480,95%,26.7%,10,1830,1,1777,1635
165,32,57.7%,95.3%,252,100%,20.3%,23,902,1,909,909
166,26,100%,77.6%,111,92.7%,46.4%,12,587,1,587,587
167,32,82.5%,92.8%,100,82.1%,33.6%,62,440,1,440,440
168,48,65.2%,89.6%,448,91.3%,59.5%,1,633,1,633,633
169,32,94.9%,98.6%,425,100%,57.8%,15,0,1,1038,1015
170,38,95.4%,91.4%,457,100%,84.1%,44,0,1,610,449
171,34,84.7%,98.7%,185,85.9%,43.6%,4,445,1,477,477
172,36,82.7%,95.1%,797,98.2%,48%,31,227,1,1382,343
173,36,65.5%,100%,343,89.6%,74.8%,9,420,1,420,420
174,33,81.8%,94.2%,547,93.1%,87.2%,1386,774,1,797,742
175,43,91.9%,91.7%,688,100%,82.9%,19,7,1,0,5
176,42,88.2%,98.2%,976,96.7%,83.8%,1,343,1,450,377
177,39,90.8%,97.8%,585,93.1%,92.6%,5,0,1,5,5
178,30,85.6%,95.8%,221,97.6%,17.3%,232,2094,1,707,707
179,43,87.2%,96.9%,655,72.4%,94%,12,610,1,676,561
180,27,78%,88.9%,538,95.8%,76.8%,31,479,1,540,540
181,46,86.9%,97.1%,691,92.7%,64.4%,12,903,1,824,824
182,53,67.9%,88%,219,95.8%,77.5%,13,268,2,268,268
183,24,88.3%,100%,171,93.5%,28.1%,43,341,2,348,349
184,37,89.5%,96.4%,664,100%,83.4%,2,694,1,676,567
185,28,82.5%,95.8%,1,93.6%,1.4%,3,1367,1,1367,1367
186,36,87.4%,93.7%,817,95.1%,76.5%,56,607,1,811,810
187,24,91.2%,100%,309,100%,41.6%,1,0,1,404,404
188,32,91.9%,96.5%,393,86.1%,52.6%,38,0,1,832,832
189,25,79.4%,96.1%,53,95.2%,0%,0,453,1,16,16
190,30,68.2%,82%,380,80.8%,22.9%,48,380,1,0,0
191,32,84.9%,100%,610,95.7%,63.3%,41,226,1,62,62
192,34,87.7%,94%,919,91.8%,72.7%,219,1200,1,1245,1201
193,54,94.4%,93.1%,360,75.5%,50.3%,13,742,1,717,723
194,38,91.7%,99.2%,879,98%,68.9%,28,859,1,1,569
195,29,78.2%,99.6%,429,96.5%,25.3%,438,2089,1,1644,1549
196,35,73.8%,96.3%,635,90.2%,73.7%,108,832,1,895,895
197,31,72.3%,97.9%,438,93%,49.5%,22,877,1,998,998
198,58,66.5%,98.8%,362,84.1%,48.9%,22,509,1,216,169
199,29,73.5%,95.6%,296,90.5%,6.1%,15,1327,1,1313,1313
200,28,79.3%,97.9%,0,97.2%,27.6%,1,730,1,730,730
201,43,86.9%,97%,699,91.8%,88.5%,12,1192,1,747,441
202,29,69%,77.5%,445,86.6%,64.6%,3,704,1,712,712
203,39,90.3%,93%,743,84.6%,82.9%,114,0,1,12,12
204,45,82.8%,96.1%,417,94.2%,74.6%,14,0,1,53,82
205,40,93.1%,97.7%,374,100%,100%,63,236,1,0,80
206,34,98.9%,95.7%,288,95.9%,40.4%,0,565,1,0,168
207,31,84.5%,99.7%,82,86.3%,1.4%,25,1913,1,1587,1587
208,41,96%,98.9%,672,84.1%,98.5%,6,579,1,82,254
209,39,81%,96.2%,1210,93.9%,52.8%,91,1217,1,1453,1453
210,42,93.2%,97.9%,18,88.9%,15.9%,18,1541,1,114,97
211,40,87.8%,93.4%,887,100%,78.5%,31,0,1,693,693
212,30,70.6%,100%,221,93%,44.4%,42,494,1,494,494
213,50,90.1%,96.4%,409,87%,74.6%,2,596,1,340,455
215,43,90.4%,96.5%,330,100%,100%,30,229,1,0,0
216,41,100%,100%,190,100%,76.7%,8,377,1,318,370
217,43,87.3%,100%,502,100%,96.8%,18,356,1,1,86
218,33,87%,95.6%,681,97.7%,50.6%,15,961,1,937,827
219,23,75.6%,95.2%,423,76.4%,18.1%,124,1373,1,817,157
220,34,87.3%,90.7%,657,98.8%,44.3%,12,341,1,651,651
221,43,80.2%,97.5%,334,89.2%,27.8%,57,592,1,1168,1172
222,37,92%,97.5%,672,100%,100%,4,652,1,0,110
223,36,54.9%,86.8%,610,94.7%,64.2%,11,656,1,658,658
224,49,89.2%,90.4%,470,94.1%,35.4%,0,1029,1,1026,511
225,36,79.1%,94.1%,237,85.8%,50.8%,282,0,1,494,487
226,33,77.3%,94%,164,81.3%,46.3%,0,476,1,139,139
227,36,78.6%,97.7%,843,88.6%,79.5%,72,380,1,844,844
228,63,57.5%,100%,883,87.2%,82%,300,0,2,50,50
229,30,85%,89.9%,1517,96.8%,78%,272,294,1,916,639
230,30,88%,95.7%,221,94.8%,6.3%,15,1165,1,1145,1145
231,49,81.2%,100%,601,87.8%,49.6%,129,1383,1,759,571
232,32,76.2%,99.2%,1068,97.3%,55.3%,55,833,1,832,832
233,36,85.6%,96.4%,588,89.1%,39%,21,1482,1,877,1367
234,31,81.9%,95.6%,1050,96.4%,73.5%,359,1788,1,2214,943
235,39,89.1%,88.5%,755,100%,59.4%,11,701,1,755,526
236,57,58%,96.7%,401,89.9%,47.9%,58,151,1,282,0
237,30,74.9%,97.4%,1121,95.6%,66.5%,101,1138,1,877,921
238,37,73.1%,98.1%,868,100%,71.8%,38,785,1,857,857
240,42,78.8%,91.8%,578,87.8%,42.3%,23,1164,1,1157,1060
241,52,93.1%,100%,643,91.5%,97.1%,7,429,1,0,0
242,30,85.6%,85.6%,506,96.4%,62.5%,52,0,1,358,358
243,29,90.2%,96.9%,911,100%,100%,168,2,2,312,312
244,40,83.7%,97.5%,700,98.2%,79.9%,190,68,1,519,519
245,35,88.7%,91.4%,218,93.5%,55%,5,640,1,637,637
246,41,63.2%,85.9%,147,100%,22.9%,8,1202,1,1199,953
247,31,31.9%,100%,18,92.9%,4.7%,28,458,1,458,458
248,34,74.1%,100%,8,91.7%,0%,6,634,1,634,352
249,18,25.1%,82.3%,53,100%,7.9%,0,522,1,522,522
250,40,100%,94.9%,177,100%,76.7%,43,261,1,215,296
251,36,87.2%,95.8%,707,91.1%,87.7%,34,273,1,687,687
252,44,95.4%,81.2%,363,95.8%,81.9%,19,66,1,89,89
253,42,90%,98.1%,492,94.4%,65.1%,0,845,1,107,27
254,30,86%,89.4%,41,92.2%,8.7%,406,1116,1,402,394
255,46,89.8%,97.5%,598,99.3%,58.4%,29,917,1,716,701
256,42,95.8%,98.8%,3722,97.1%,93%,1308,0,1,970,457
257,32,89.3%,94.2%,876,92.3%,42.8%,21,0,1,2036,1984
258,32,85.8%,86.2%,1130,98.5%,74.3%,98,1254,1,1088,1089
259,29,69.9%,99%,599,89.5%,24.5%,25,946,1,1036,1036
260,34,73.1%,91.7%,1224,97.2%,57.4%,123,1394,1,1339,1344
261,41,90.5%,98.8%,861,100%,82.1%,0,429,1,13,144
262,45,90.5%,97.5%,1042,98.5%,96.3%,54,403,1,708,708
263,45,91.5%,98.6%,874,95.8%,94.2%,6,942,1,451,425
264,32,65%,91.4%,380,89.4%,52.4%,17,493,1,773,773
265,45,91.3%,97.2%,549,98.6%,74.5%,6,549,1,374,374
266,37,70.4%,96.8%,1158,96.9%,73.7%,393,0,1,404,404
267,36,87.6%,94.9%,1848,95%,79.4%,236,0,1,817,844
268,34,86.1%,97.5%,625,92.2%,64.7%,2,702,1,703,703
269,44,92.9%,95.2%,683,89.4%,69.4%,7,1042,1,13,123
270,33,83.3%,97.8%,0,75.3%,0%,0,598,1,598,0
271,38,57.6%,90.2%,445,95.1%,78%,0,445,1,445,445
272,31,86.2%,89.3%,0,93.3%,0%,37,780,1,0,0
273,35,81.9%,97.1%,847,100%,83.5%,152,0,1,2,2
274,31,98.3%,96.1%,0,74.9%,0%,10,554,1,554,554
275,34,67.9%,95.9%,444,100%,49.7%,12,222,1,759,729
276,34,83.5%,97.6%,667,100%,89.3%,66,57,1,212,46
277,36,95.4%,98.1%,1276,100%,94.1%,204,0,1,1238,1031
278,31,89.3%,96.5%,180,93.7%,8.5%,23,1013,1,1013,1013
279,34,88.4%,100%,0,82.5%,47.2%,1,765,1,594,594
280,24,66.2%,98.7%,433,84.6%,40.6%,104,433,1,18,18
281,34,90.3%,97.1%,1,86.6%,49%,8,654,1,654,654
282,34,81.9%,99%,555,95.9%,54.7%,56,0,1,121,307
283,35,84.1%,98.4%,863,98.1%,69.7%,75,719,1,719,816
284,39,83.3%,94.3%,592,100%,43.4%,374,985,1,974,972
285,--,--,--,1,--,--,190,0,2,0,0
286,33,66.7%,92.7%,68,100%,55.2%,238,48,2,0,0
287,32,87.6%,100%,43,86.1%,3%,83,1427,1,1072,1075
288,43,92.7%,90.4%,641,86.5%,73.9%,62,1112,1,1241,1241
289,33,85.6%,94.2%,2089,98.7%,84.4%,255,746,1,1683,1197
290,34,83.6%,99.6%,187,100%,31.3%,52,1499,1,1499,1496
291,29,71.5%,98.1%,162,91.1%,5.5%,7,998,1,996,996
292,40,44.6%,100%,209,100%,26.8%,63,401,1,401,401
293,63,80.3%,100%,347,91%,41.5%,4,361,1,361,361
294,43,40.2%,92.5%,172,95%,15.8%,81,485,1,485,485
295,31,71.1%,97%,253,96%,52.6%,5,514,1,478,514
296,37,83.4%,96.9%,891,100%,90.2%,132,0,1,0,474
297,40,90.7%,100%,150,100%,100%,0,138,1,102,102
298,30,72.6%,91.9%,0,90.4%,13.9%,0,798,1,763,763
299,32,85.9%,98.9%,840,88.5%,63.5%,73,1037,1,1166,1166
300,30,59.8%,100%,33,75.3%,6.7%,64,570,1,569,570
301,26,75.5%,96.2%,838,93.1%,79.9%,112,14,1,837,837
302,40,88.9%,99.3%,705,91.5%,58.5%,0,1142,1,509,267
303,32,87.8%,82.2%,146,90.2%,8.9%,0,886,2,943,943
304,34,59.3%,96%,8,89.5%,2.2%,7,378,1,378,378
305,44,56.3%,95.1%,352,95.9%,91.3%,54,172,1,524,524
306,27,35.4%,88.9%,56,100%,2.4%,184,491,1,490,490
307,30,81.8%,95.5%,793,93.1%,50.7%,21,1543,1,1448,1537
308,37,88.1%,100%,493,100%,91.1%,0,0,1,313,319
309,45,90%,85.8%,612,100%,86.7%,14,0,1,236,133
310,39,92.7%,97.6%,696,100%,83.8%,12,0,1,567,567
311,41,55.1%,96.4%,547,90.1%,35.2%,29,571,2,571,498
312,28,84.1%,91.7%,268,94.9%,19.6%,7,622,1,622,622
313,36,77%,93.2%,447,100%,70.7%,30,790,1,450,774
314,29,73.8%,89.5%,426,100%,32.5%,3,946,1,937,937
315,33,69.8%,98.1%,272,95%,18.1%,4,1376,1,1376,1376
316,31,74.4%,93.9%,511,89.8%,40.9%,28,1333,1,1433,1433
317,29,55.8%,91.7%,212,81.7%,20.5%,30,311,1,307,140
318,54,87.2%,88.6%,659,100%,75.5%,24,237,1,280,280
319,35,70.9%,92.6%,952,96.9%,73%,36,1339,1,1638,1664
320,34,100%,100%,426,97.7%,86.2%,1,451,1,451,261
321,46,42.9%,89.1%,312,89.9%,19.2%,29,522,1,522,522
322,37,79%,90.2%,427,93.2%,66.2%,11,337,1,357,357
323,40,75.5%,96.5%,734,94.4%,75.9%,15,886,1,570,891
324,45,90.4%,99.3%,687,94%,93.3%,369,0,1,146,149
325,33,85.9%,93.1%,733,93.8%,58.5%,42,903,1,1029,1044
326,31,46.8%,100%,248,95.2%,56.7%,4,411,1,411,308
327,36,59.9%,90.7%,335,97.9%,39.6%,30,928,1,928,928
328,38,75.6%,100%,373,91%,61.9%,128,289,1,16,172
329,36,81.7%,100%,617,93%,74.8%,164,599,1,575,656
330,38,93.5%,99.3%,756,89.3%,65.1%,58,718,1,210,210
331,34,82.4%,94.9%,205,87.1%,9.9%,319,1639,1,1460,1456
332,33,82.9%,93.7%,646,96.7%,71.2%,174,483,1,0,103
333,33,82.3%,95.6%,1147,91%,89.3%,91,144,1,1145,1145
334,31,97.4%,100%,0,100%,0%,0,356,1,0,356
335,45,78.3%,97.1%,1150,100%,86.6%,73,0,1,61,83
336,32,88.3%,94.5%,1157,88.6%,61.3%,429,0,1,3041,2647
337,35,93.5%,99.2%,602,87.5%,72%,117,0,1,0,356
338,29,87.6%,97.5%,0,80.9%,0%,3,1918,1,991,1918
339,26,95.6%,100%,27,89.8%,5.2%,13,2107,2,1462,2076
343,34,86.3%,91.1%,611,92.9%,50.7%,10,1168,1,1168,1168
344,30,88.2%,81.8%,359,91.8%,59.3%,24,847,1,847,847
345,33,91.5%,96.2%,382,81.5%,39.8%,149,194,1,299,256
346,30,71.5%,97.3%,695,93.2%,48.5%,39,1055,1,636,656
347,25,89.6%,67.8%,205,100%,22.8%,16,475,1,475,475
348,42,79.9%,92.9%,1340,95.3%,86.4%,251,866,1,1013,1052
349,33,89.4%,100%,272,84.9%,25.8%,9,766,1,601,565
350,34,87%,100%,299,100%,65.9%,0,751,1,2,0
351,42,90%,88.6%,361,90.2%,68.7%,5,183,1,337,0
352,39,86.7%,97.6%,177,94.7%,35.2%,5,1141,1,0,1045
353,45,95.4%,100%,1091,96.6%,97%,11,718,1,476,538
354,32,81.8%,100%,103,90.6%,14%,4,1012,1,778,1012
355,33,90.4%,99.3%,212,98.8%,19.8%,18,345,1,1058,1058
356,46,96.7%,97.7%,1042,93.4%,78.8%,36,1056,1,934,934
357,39,88.2%,86.9%,637,92.4%,57.9%,6,1226,1,1237,1237
358,38,83.5%,98.9%,622,84.1%,36%,5,2714,1,470,407
359,35,85%,91.7%,760,96%,97.2%,9,1126,1,540,382
360,32,80.8%,94.5%,1887,99.4%,88.1%,311,583,1,1205,1205
361,29,83.3%,95.6%,500,98.9%,30.4%,57,1898,2,1620,1620
362,38,54.6%,90.2%,795,90.6%,35.9%,27,1299,1,1265,1294
363,38,44.1%,94.8%,837,91.4%,24.7%,260,1174,1,880,1054
364,50,89.9%,98.4%,730,97.9%,96.5%,10,1055,1,825,680
365,36,85.5%,98.2%,579,94.3%,65.5%,10,817,1,735,694
366,36,85.3%,95.2%,224,95%,36.6%,12,407,1,308,49
367,31,90.8%,98.2%,848,90.1%,32.2%,10,3469,2,2111,2274
368,39,84.1%,98.5%,821,92.3%,66.9%,48,1181,1,1120,1120
369,38,58.4%,93.2%,371,89.2%,43.3%,36,1031,1,1031,1031
370,24,62.5%,80%,484,97.1%,18.5%,40,1222,1,713,922
371,39,56.9%,93.6%,1879,92.3%,44.1%,92,2874,1,2836,2836
372,42,87.7%,97.4%,3696,95.5%,81.5%,95,635,1,2975,2264
373,44,91.1%,100%,969,100%,97.7%,22,783,1,856,883
374,50,34.3%,95.6%,894,89.9%,46.1%,56,1054,1,1054,1009
375,45,88.2%,96.8%,848,100%,92.7%,12,402,1,295,295
376,39,79.2%,96.7%,1451,97.5%,65.9%,185,1150,1,863,756
377,35,83.5%,91%,1688,94.4%,81%,102,0,1,494,653
378,35,88.9%,96%,1975,92.7%,54.4%,30,2892,1,2317,2791
379,43,91.6%,96%,1314,97.4%,99.8%,5,161,1,334,659
380,41,91.1%,97.3%,1857,100%,91.8%,48,0,1,858,928
381,33,88.2%,97.6%,851,94.1%,38.9%,4,2919,1,2699,2899
382,25,89.3%,94.3%,758,86.4%,59.6%,37,907,1,907,905
383,30,74.9%,91.8%,1135,94.2%,59.5%,19,1558,1,1475,1411
385,35,59.4%,93.1%,1400,85.4%,46.4%,68,2008,1,1820,1820
386,33,78.4%,89.3%,738,94.7%,60%,18,1247,1,673,972
387,40,63.4%,81.3%,795,92.2%,47%,266,1076,1,744,744
388,29,82.3%,98.9%,649,85.6%,27.9%,18,1687,2,1687,1398
389,34,73.3%,96.5%,1892,89.5%,39.1%,12,2944,1,2756,2986
390,35,59.9%,100%,381,93.9%,40.4%,14,892,1,892,764
391,48,82%,99.9%,957,95.8%,99.1%,7,203,1,717,499
392,41,93.2%,97.7%,2308,94.5%,85.1%,12,3832,1,2569,2348
393,32,94.8%,99.5%,1813,92.1%,56%,6,3803,1,2174,2053
394,37,83.7%,92.9%,543,92.7%,51.8%,28,1416,1,1376,786
395,33,88.8%,100%,443,93.5%,45.5%,57,5,1,75,433
396,44,81.3%,99.2%,1191,97.3%,89.5%,1521,0,1,221,221
397,33,90%,98.3%,38,100%,9.4%,7,1109,1,1109,1109
398,42,71.2%,95.2%,149,100%,71.2%,50,159,1,34,34
399,36,85.1%,98.4%,516,88.5%,49%,150,812,1,568,568
400,38,86.2%,98%,890,100%,96.3%,47,292,1,537,469
401,39,84.1%,97.1%,724,95.7%,86.8%,55,0,1,19,324
402,47,90.4%,97.3%,599,100%,85.2%,214,0,1,0,0
403,45,84.8%,93.7%,871,94%,96.1%,475,234,1,407,407
404,34,63.1%,91.3%,545,89.8%,49.3%,57,728,1,696,187
405,39,84.9%,94.2%,1072,98.1%,77.9%,62,1369,2,755,755
406,54,92%,93.7%,926,87.5%,84.3%,135,146,1,219,231
407,49,76.4%,96.2%,786,95.5%,88.6%,316,233,1,156,105
408,50,86.7%,87.1%,958,95.1%,70.8%,62,564,1,605,605
409,47,97.1%,97.9%,993,94.4%,94.9%,108,262,1,309,309
410,58,62.2%,100%,125,80.4%,73.2%,19,977,1,204,204
411,41,80.5%,91.2%,421,95.8%,63.9%,135,179,2,179,179
412,52,81.3%,100%,295,96.1%,91.9%,354,0,1,5,93
413,41,95.7%,95.7%,1211,100%,97.3%,134,0,1,9,9
416,33,84.9%,96.4%,65,91.1%,19.7%,10,722,1,722,722
417,34,90.1%,97.6%,719,97.2%,76.5%,66,638,1,657,703
418,39,98.7%,95.9%,861,94%,74.9%,158,1037,1,955,468
419,44,97%,98.9%,1049,100%,99%,63,159,1,188,247
420,48,88.9%,98.1%,901,100%,65.7%,29,467,1,740,740
421,42,93.6%,95.7%,562,97%,89.7%,218,0,1,0,0
422,35,90.6%,96.3%,591,87.7%,38.6%,920,1066,1,748,748
423,40,94.9%,98.1%,1262,100%,96.8%,1107,0,1,9,0
424,55,97.5%,96.3%,560,91.5%,96.7%,117,336,1,460,460
425,53,91.9%,100%,472,100%,97.9%,472,0,1,0,0
426,46,90.4%,96.4%,554,100%,58%,22,566,1,446,446
428,47,94.8%,97.8%,602,96%,79.2%,474,0,1,5,0
430,39,59.2%,95.1%,566,94.9%,45.6%,308,726,1,1333,1333
431,44,90.5%,95.8%,775,100%,72.7%,211,287,1,10,10
432,41,85.8%,96.4%,924,94.8%,90.7%,405,5,1,26,799
433,36,87%,95.9%,325,87%,100%,47,0,1,252,252
434,44,90.6%,98.2%,1444,99%,93.1%,1041,1,1,251,251
435,49,100%,100%,246,81.3%,92.8%,108,130,1,24,9
436,43,100%,97.4%,603,90.3%,92.1%,12,442,1,196,88
437,36,81.3%,94.6%,1990,95.5%,70.3%,1758,1616,1,1025,133
438,51,91%,98.1%,1299,92.3%,69.9%,888,1209,2,765,32
442,36,94.6%,98.5%,746,94.3%,81.6%,88,719,1,445,721
443,42,77.5%,92.3%,557,93.8%,84.3%,32,0,1,198,198
444,37,83.8%,96%,828,100%,74.8%,60,0,1,449,449
445,44,82.4%,98.3%,1020,100%,89.4%,60,561,1,947,955
446,32,89.2%,92.3%,599,92.3%,94.2%,240,158,1,70,70
447,38,93.2%,94.1%,1554,94.9%,85.3%,205,0,1,452,0
448,36,88.7%,98.4%,465,93%,43.9%,227,1371,1,647,704
449,56,96.9%,90.7%,872,93.6%,98.1%,51,320,1,90,90
450,44,80.9%,96.7%,1441,97.8%,89.1%,1125,0,1,282,177
451,45,98%,97.2%,1925,100%,96%,994,141,1,0,0
452,52,86.4%,99.5%,1020,92.9%,89.1%,195,760,1,764,469
453,34,78.2%,100%,418,96.1%,59.8%,131,342,1,935,935
454,49,89%,98.7%,544,87.3%,88%,516,25,1,145,71
455,48,97%,95.6%,672,90.5%,89.6%,273,0,1,91,91
456,75,64.7%,97.3%,177,94.9%,36.4%,41,324,1,324,306
457,45,89.7%,100%,367,100%,100%,15,186,1,216,121
458,50,86.1%,95.2%,385,97.9%,85.6%,24,385,1,245,241
459,43,84.2%,99.6%,937,92.6%,89%,146,154,1,483,85
460,40,94.3%,93.6%,1055,96.5%,75.1%,177,789,1,1138,1457
462,44,72.7%,88%,1367,100%,80.3%,1034,66,1,143,143
463,43,84.5%,95.1%,394,84.8%,55%,33,2177,1,1843,2303
464,42,87.9%,95.4%,1193,100%,63.2%,106,982,1,1004,1350
465,32,95.7%,95.7%,247,93.4%,46.4%,70,2,--,223,223
466,35,77.7%,94.2%,975,95.4%,82.7%,848,88,1,496,496
467,38,95.3%,98%,669,100%,78%,90,123,1,263,263
468,20,100%,95.2%,76,100%,100%,143,63,1,0,7
469,41,93.4%,98.3%,573,100%,100%,856,508,2,0,0
470,53,84.7%,96.1%,511,82.9%,84.3%,23,533,1,0,0
471,36,86.5%,99.2%,628,89.2%,32.2%,98,1552,1,937,586
472,54,91.3%,100%,514,87.6%,76.5%,60,0,1,89,89
473,42,82.2%,98.8%,534,89.8%,61.8%,107,1117,1,409,796
474,47,82%,100%,632,90.1%,79.1%,37,746,1,557,557
475,50,93.9%,95.3%,811,85.7%,77.3%,109,824,1,305,198
476,31,81.9%,97.6%,190,82.1%,26.5%,29,13800,2,12426,13700
